BoardName;Ticker;AnnualReportDate;AUDCOMMEMB;INDAUDCOMMEMB;FINEXPMEMB;AUDCOMMEMBPRCNT;FINEXPMEMBPRCNT
3M CO (Minnesota Mining & Manufacturing Co prior to 02/2002);MMM;01/12/2019;6;6;5;1;0,833333333
ABBOTT LABORATORIES;ABT;01/12/2019;6;3;1;0,5;0,166666667
AKAMAI TECHNOLOGIES INC;AKAM;01/12/2019;7;6;3;0,857142857;0,428571429
ALCOA CORP;AA;01/12/2019;4;4;4;1;1
ALLSTATE CORP;ALL;01/12/2019;4;4;3;1;0,75
ALPHABET INC (Google Inc prior to 10/2015);GOOG;01/12/2019;3;2;1;0,666666667;0,333333333
ALTAIR ENGINEERING INC;ALTR;01/12/2019;3;2;1;0,666666667;0,333333333
ALTRIA GROUP INC (Philip Morris Cos prior to 01/2003);MO;01/12/2019;5;3;2;0,6;0,4
AMAZON.COM INC;AMZN;01/12/2019;4;4;4;1;1
AMERICAN ELECTRIC POWER CO INC;AEP;01/12/2019;8;7;8;0,875;1
AMERICAN INTERNATIONAL GROUP INC (AIG);AIG;01/12/2019;8;8;4;1;0,5
AMERICAN TOWER CORP;AMT;01/12/2019;4;3;4;0,75;1
AMERIGO RESOURCES LTD;ARG;01/12/2019;3;0;0;0;0
AMERIPRISE FINANCIAL INC;AMP;01/12/2019;4;4;3;1;0,75
AMGEN INC;AMG;01/12/2019;8;7;4;0,875;0,5
AMPHENOL CORP;APH;01/12/2019;6;5;4;0,833333333;0,666666667
AON PLC (Aon Corp prior to 04/2012);AON;01/12/2019;6;4;3;0,666666667;0,5
APA CORP (Apache Corp prior to 03/2021);APA;01/12/2019;5;4;5;0,8;1
ARCHER-DANIELS-MIDLAND CO;ADM;01/12/2019;6;4;1;0,666666667;0,166666667
ARENA MINERALS INC (Antofagasta Gold Inc prior to 12/2013) (De-listed 04/2023);AN;01/12/2019;4;3;0;0,75;0
ASSURANT INC;AIZ;01/12/2019;6;4;4;0,666666667;0,666666667
AT&T INC (SBC Communications Inc prior to 11/2005);T;01/12/2019;4;3;2;0,75;0,5
ATI INC (Allegheny Technologies Inc prior to 07/2022);ATI;01/12/2019;6;5;2;0,833333333;0,333333333
ATYR PHARMA INC;LIFE;01/12/2019;4;4;1;1;0,25
AUTONATION INC;AN;01/12/2019;6;5;5;0,833333333;0,833333333
AVALONBAY COMMUNITIES INC;AVB;01/12/2019;5;5;3;1;0,6
BANK OF AMERICA CORP;BAC;01/12/2019;8;8;8;1;1
BANK OF NEW YORK MELLON CORP (THE);BK;01/12/2019;6;6;3;1;0,5
BAXTER INTERNATIONAL INC;BAX;01/12/2019;6;5;4;0,833333333;0,666666667
BELO SUN MINING CORP (Verena Minerals Corp prior to 07/2010);BSX;01/12/2019;5;5;0;1;0
BERKSHIRE HATHAWAY INC;BRK.B;01/12/2019;4;2;2;0,5;0,5
BIOGEN INC (Biogen Idec Inc prior to 03/2015);BIIB;01/12/2019;6;4;5;0,666666667;0,833333333
BLACKROCK INC;BLK;01/12/2019;7;5;6;0,714285714;0,857142857
BOEING CO;BA;01/12/2019;8;7;4;0,875;0,5
BORGWARNER INC;BWA;01/12/2019;5;3;3;0,6;0,6
BOSTON PROPERTIES INC;BXP;01/12/2019;4;3;2;0,75;0,5
BOSTON SCIENTIFIC CORP;BSX;01/12/2019;5;5;5;1;1
BRISTOL-MYERS SQUIBB CO;BMY;01/12/2019;6;6;6;1;1
CANLAN ICE SPORTS CORP (Canlan Investment Ltd prior to 08/1999);ICE;01/12/2019;3;3;0;1;0
CAPITAL ONE FINANCIAL CORP;COF;01/12/2019;5;5;2;1;0,4
CATERPILLAR INC;CAT;01/12/2019;4;3;4;0,75;1
CENTERPOINT ENERGY INC;CNP;01/12/2019;4;4;1;1;0,25
CERNER CORP (De-listed 06/2022);CERN;01/12/2019;5;3;1;0,6;0,2
CF INDUSTRIES HLDGS INC;CF;01/12/2019;5;2;5;0,4;1
CH ROBINSON WORLDWIDE INC;CHRW;01/12/2019;5;4;5;0,8;1
CHARLES SCHWAB CORP;SCHW;01/12/2019;5;4;5;0,8;1
CHEVRON CORP;CVX;01/12/2019;4;4;4;1;1
CHIPOTLE MEXICAN GRILL INC;CMG;01/12/2019;4;2;1;0,5;0,25
CHUBB LTD (ACE Ltd prior to 01/2016);CB;01/12/2019;5;4;5;0,8;1
CINCINNATI FINANCIAL CORP;CINF;01/12/2019;11;6;5;0,545454545;0,454545455
CITIGROUP INC;C;01/12/2019;10;10;8;1;0,8
CITRIX SYSTEMS INC (De-listed 09/2022);CTX;01/12/2019;4;4;2;1;0,5
CLEVELAND-CLIFFS INC (Cliffs Natural Resources Inc prior to 08/2017);CLF;01/12/2019;5;5;3;1;0,6
CME GROUP INC (Chicago Mercantile Exchange Holdings Inc prior to 07/2007);CME;01/12/2019;8;4;3;0,5;0,375
CMS ENERGY CORP;CSG;01/12/2019;6;6;6;1;1
CNX RESOURCES CORP (CONSOL Energy Inc prior to 11/2017);CNX;01/12/2019;4;4;4;1;1
COCA-COLA CO;KO;01/12/2019;4;4;2;1;0,5
COGNIZANT TECHNOLOGY SOLUTIONS CORP;CTSH;01/12/2019;8;7;3;0,875;0,375
COLGATE-PALMOLIVE CO;CL;01/12/2019;5;5;5;1;1
COLOURED TIES CAPITAL INC (Growmax Resources Corp prior to 11/2021);TIE;01/12/2019;7;7;0;1;0
COMCAST CORP (AT&T Comcast Corp prior to 11/2002);CCZ;01/12/2019;4;4;2;1;0,5
COMERICA INC;CMA;01/12/2019;6;3;3;0,5;0,5
CONSOLIDATED EDISON INC;ED;01/12/2019;5;4;4;0,8;0,8
CONTACT GOLD CORP (Winwell Ventures Inc prior to 06/2017) (De-listed 05/2024);C;01/12/2019;3;3;0;1;0
CORNING INC;GLW;01/12/2019;8;7;5;0,875;0,625
CRESCO LABS INC;CL;01/12/2019;3;3;1;1;0,333333333
CROWN CASTLE INC (Crown Castle International Corp prior to 08/2022);CCI;01/12/2019;4;4;4;1;1
CSX CORP;CSX;01/12/2019;6;4;2;0,666666667;0,333333333
CUMMINS INC;CMI;01/12/2019;6;4;1;0,666666667;0,166666667
CVS HEALTH CORP (CVS Caremark Corp prior to 09/2014);CVS;01/12/2019;6;3;5;0,5;0,833333333
DANAHER CORP;DHR;01/12/2019;4;1;3;0,25;0,75
DAVITA INC (DaVita HealthCare Partners Inc prior to 09/2016);DVA;01/12/2019;3;3;2;1;0,666666667
DEVON ENERGY CORP;DVN;01/12/2019;5;2;1;0,4;0,2
DISCOVER FINANCIAL SERVICES INC;DFS;01/12/2019;4;4;4;1;1
DOLLY VARDEN SILVER CORP;DV;01/12/2019;3;3;0;1;0
DOMINION ENERGY INC (Dominion Resources Inc (Virginia) prior to 05/2017);D;01/12/2019;6;6;6;1;1
DOVER CORP;DOV;01/12/2019;4;4;4;1;1
DOW INC;DOW;01/12/2019;5;5;5;1;1
DTE ENERGY CO;DTE;01/12/2019;4;3;2;0,75;0,5
DUKE ENERGY CORP;DUK;01/12/2019;7;5;7;0,714285714;1
DUPONT DE NEMOURS INC (Dowdupont Inc prior to 06/2019);DD;01/12/2019;11;11;7;1;0,636363636
E*TRADE FINANCIAL CORP (E Trade Group prior to 10/2003) (De-listed 10/2020);ETFC;01/12/2019;6;5;2;0,833333333;0,333333333
EASTMAN CHEMICAL CO;EMN;01/12/2019;5;3;3;0,6;0,6
EATON CORP PLC (Eaton Corp prior to 11/2012);ETN;01/12/2019;6;5;5;0,833333333;0,833333333
EBAY INC;EBAY;01/12/2019;3;2;1;0,666666667;0,333333333
ECOLAB INC;ECL;01/12/2019;6;6;4;1;0,666666667
EDISON INTERNATIONAL;EIX;01/12/2019;5;5;4;1;0,8
EDWARDS LIFESCIENCES CORP;EW;01/12/2019;3;2;3;0,666666667;1
ELI LILLY & CO;LLY;01/12/2019;6;5;3;0,833333333;0,5
ENERFLEX LTD;EFX;01/12/2019;4;4;0;1;0
ENTERGY CORP;ETR;01/12/2019;5;5;2;1;0,4
EOG RESOURCES INC (Enron Oil & Gas Co prior to 09/1999);EOG;01/12/2019;8;4;3;0,5;0,375
EQT CORP (Equitable Resources Inc prior to 02/2009);EQT;01/12/2019;7;7;4;1;0,571428571
EQUIFAX INC;EFX;01/12/2019;4;4;4;1;1
EQUITY RESIDENTIAL (Equity Residential Properties Trust prior to 10/2002);EQR;01/12/2019;7;6;4;0,857142857;0,571428571
EXELON CORP;EXC;01/12/2019;5;4;5;0,8;1
EXPEDIA GROUP INC (Expedia Inc prior to 03/2018);EXPE;01/12/2019;3;2;2;0,666666667;0,666666667
EXPEDITORS INTERNATIONAL OF WASHINGTON INC;EXPD;01/12/2019;5;5;2;1;0,4
EXXON MOBIL CORP;XOM;01/12/2019;3;3;3;1;1
FASTENAL CO;FAST;01/12/2019;6;5;3;0,833333333;0,5
FENNEC PHARMACEUTICALS INC (Adherex Technologies Inc prior to 09/2014);FRX;01/12/2019;3;3;1;1;0,333333333
FIDELITY NATIONAL INFORMATION SERVICES INC (Certegy Inc prior to 02/2006);FIS;01/12/2019;7;6;5;0,857142857;0,714285714
FIFTH THIRD BANCORP;FITB;01/12/2019;6;3;1;0,5;0,166666667
FIRST HORIZON CORP (First Horizon National Corp prior to 11/2020);FHN;01/12/2019;7;6;2;0,857142857;0,285714286
FIRST SOLAR INC;FSLR;01/12/2019;5;3;1;0,6;0,2
FIRSTENERGY CORP;FE;01/12/2019;6;6;5;1;0,833333333
FLIR SYSTEMS INC (De-listed 05/2021);FLIR;01/12/2019;5;2;5;0,4;1
FLOWSERVE CORP;FLS;01/12/2019;6;5;2;0,833333333;0,333333333
FLUOR CORP;FLR;01/12/2019;7;7;3;1;0,428571429
FMC CORP;FMC;01/12/2019;4;2;2;0,5;0,5
FORD MOTOR CO;F;01/12/2019;5;3;2;0,6;0,4
FOSSIL GROUP INC (Fossil Inc prior to 05/2013);FOSL;01/12/2019;4;4;4;1;1
FREEPORT-MCMORAN INC (Freeport-McMoRan Copper & Gold Inc prior to 07/2014);FCX;01/12/2019;5;5;2;1;0,4
GANNETT CO INC (New Media Investment Group Inc prior to 11/2019);GCI;01/12/2019;5;5;1;1;0,2
GENERAL DYNAMICS CORP;GD;01/12/2019;7;4;4;0,571428571;0,571428571
GENERAL ELECTRIC CO (GE Aerospace);GNE;01/12/2019;6;5;6;0,833333333;1
GENUINE PARTS CO;GPC;01/12/2019;6;4;5;0,666666667;0,833333333
GENWORTH FINANCIAL INC;GNW;01/12/2019;4;2;4;0,5;1
GILEAD SCIENCES INC;GILD;01/12/2019;3;2;2;0,666666667;0,666666667
GOLDMAN SACHS GROUP INC;GS;01/12/2019;4;4;1;1;0,25
GOODYEAR TIRE & RUBBER CO;GT;01/12/2019;6;5;2;0,833333333;0,333333333
HALLIBURTON CO;HAL;01/12/2019;6;3;5;0,5;0,833333333
HARTFORD FINANCIAL SERVICES GROUP INC;HIG;01/12/2019;5;4;5;0,8;1
HASBRO INC;HAS;01/12/2019;6;6;5;1;0,833333333
HERSHEY CO (THE);HSY;01/12/2019;6;6;2;1;0,333333333
HESS CORP (Amerada Hess prior to 05/2006);HES;01/12/2019;5;5;2;1;0,4
HONEYWELL INTERNATIONAL INC (AlliedSignal Inc prior to 01/2000);HON;01/12/2019;6;5;3;0,833333333;0,5
HOST HOTELS & RESORTS INC;HST;01/12/2019;6;6;6;1;1
HPQ SILICON INC (HPQ Silicon Resources Inc prior to 07/2022);HPQ;01/12/2019;3;3;0;1;0
HUMANA INC;HUM;01/12/2019;3;1;2;0,333333333;0,666666667
HUNTINGTON BANCSHARES INC;HBAN;01/12/2019;3;2;3;0,666666667;1
ILLINOIS TOOL WORKS INC (ITW);ITW;01/12/2019;5;5;2;1;0,4
INGERSOLL RAND INC (Gardner Denver Holdings Inc prior to 03/2020);IR;01/12/2019;3;3;2;1;0,666666667
INTEL CORP;INTC;01/12/2019;4;3;2;0,75;0,5
INTERCONTINENTAL EXCHANGE INC (IntercontinentalExchange Group Inc prior to 05/2014);ICE;01/12/2019;4;3;2;0,75;0,5
INTERNATIONAL BUSINESS MACHINES (IBM) CORP;IBM;01/12/2019;5;4;5;0,8;1
INTERNATIONAL FLAVORS & FRAGRANCES INC;IFF;01/12/2019;4;4;4;1;1
INTERPUBLIC GROUP OF COMPANIES INC;IPG;01/12/2019;8;6;8;0,75;1
INTUITIVE SURGICAL INC;ISRG;01/12/2019;4;2;1;0,5;0,25
INVESCO LTD (Invesco PLC prior to 12/2007);IVZ;01/12/2019;7;7;2;1;0,285714286
IRON MOUNTAIN INC;IRM;01/12/2019;4;2;4;0,5;1
JOHNSON & JOHNSON;JNJ;01/12/2019;4;3;1;0,75;0,25
JOURNEY ENERGY INC;JOY;01/12/2019;5;5;0;1;0
JPMORGAN CHASE & CO;JPM;01/12/2019;4;4;4;1;1
JUNIPER NETWORKS INC;JNPR;01/12/2019;5;5;4;1;0,8
KELLANOVA CO (Kellogg Co prior to 10/2023);K;01/12/2019;5;5;2;1;0,4
KEYCORP;KEY;01/12/2019;4;3;2;0,75;0,5
KEYERA CORP;KEY;01/12/2019;3;3;0;1;0
KIMBERLY-CLARK CORP;KMB;01/12/2019;8;5;8;0,625;1
KIMCO REALTY CORP;KIM;01/12/2019;7;7;7;1;1
KINDER MORGAN INC (Kinder Morgan Holdco LLC prior to 02/2011);KMI;01/12/2019;5;5;4;1;0,8
LEGGETT & PLATT INC;LEG;01/12/2019;8;6;6;0,75;0,75
LIFE STORAGE INC (Sovran Self Storage Inc prior to 08/2016) (De-listed 07/2023);SSS;01/12/2019;5;4;1;0,8;0,2
LIFEWORKS INC (Morneau Shepell Inc prior to 05/2021) (De-listed 09/2022);MSI;01/12/2019;5;5;0;1;0
LINCOLN NATIONAL CORP;LNC;01/12/2019;5;3;1;0,6;0,2
LOBLAW COMPANIES LTD;L;01/12/2019;7;6;0;0,857142857;0
LOCKHEED MARTIN CORP;LMT;01/12/2019;6;6;5;1;0,833333333
LOEWS CORP;L;01/12/2019;6;0;2;0;0,333333333
LUCA MINING CORP (Altaley Mining Corp prior to 03/2023);ATLY;01/12/2019;4;4;0;1;0
M&T BANK CORP;MTB;01/12/2019;5;5;3;1;0,6
MARATHON PETROLEUM CORP;MPC;01/12/2019;6;6;2;1;0,333333333
MARRIOTT INTERNATIONAL INC;MAR;01/12/2019;6;5;5;0,833333333;0,833333333
MARSH & MCLENNAN COMPANIES INC;MMC;01/12/2019;6;6;4;1;0,666666667
MASCO CORP;MAS;01/12/2019;8;7;7;0,875;0,875
MASTERCARD INC;MA;01/12/2019;6;6;2;1;0,333333333
MATTEL INC;MAT;01/12/2019;4;3;4;0,75;1
MERCK & CO INC (Schering-Plough Corp prior to 11/2009);MRK;01/12/2019;5;4;2;0,8;0,4
METLIFE INC;MET;01/12/2019;7;6;4;0,857142857;0,571428571
MINCO CAPITAL CORP (Minco Gold Corp prior to 02/2019);MMM;01/12/2019;3;3;0;1;0
MOLSON COORS BEVERAGE CO (Molson Coors Brewing Co prior to 01/2020);TAP.A;01/12/2019;4;3;2;0,75;0,5
MONSTER BEVERAGE CORP (Hansen Natural Corp prior to 12/2011);MNST;01/12/2019;5;2;2;0,4;0,4
MOODYS CORP;MCO;01/12/2019;9;8;8;0,888888889;0,888888889
MORGAN STANLEY (Morgan Stanley Dean Witter & Co prior to 07/2002);MS;01/12/2019;4;4;3;1;0,75
MOSAIC CAPITAL CORP (De-listed 08/2021);M;01/12/2019;3;3;0;1;0
MOSAIC CO;MOS;01/12/2019;8;7;3;0,875;0,375
MOTOROLA SOLUTIONS INC;MSI;01/12/2019;3;3;3;1;1
MURPHY OIL CORP;MUR;01/12/2019;4;2;1;0,5;0,25
NABORS INDUSTRIES LTD (Nabors Industries prior to 06/2002);NBR;01/12/2019;3;3;3;1;1
NASDAQ INC (NASDAQ OMX Group Inc prior to 09/2015);NDAQ;01/12/2019;6;4;4;0,666666667;0,666666667
NETFLIX INC;NFLX;01/12/2019;3;0;1;0;0,333333333
NEWELL BRANDS INC (Newell Rubbermaid Inc prior to 04/2016);NWL;01/12/2019;5;4;3;0,8;0,6
NEWMONT CORP (Newmont Goldcorp Corp prior to 01/2020);NEM;01/12/2019;5;5;4;1;0,8
NEXTERA ENERGY INC (FPL Group Inc prior to 05/2010);NEE;01/12/2019;6;6;2;1;0,333333333
NISOURCE INC (NIPSCO Industries Inc prior to 04/1999);NI;01/12/2019;6;6;4;1;0,666666667
NOBLE ENERGY INC (Noble Affiliates prior to 05/2002) (De-listed 10/2020);NBL;01/12/2019;5;3;1;0,6;0,2
NORFOLK SOUTHERN CORP;NSC;01/12/2019;6;5;6;0,833333333;1
NORTHERN TRUST CORP;NTRS;01/12/2019;6;5;5;0,833333333;0,833333333
NORTHROP GRUMMAN CORP;NOC;01/12/2019;5;5;3;1;0,6
NOV INC (National Oilwell Varco Inc prior to 01/2021);NOV;01/12/2019;4;3;4;0,75;1
NRG ENERGY INC;NRG;01/12/2019;4;4;3;1;0,75
NUCOR CORP;NUE;01/12/2019;7;5;1;0,714285714;0,142857143
O'REILLY AUTOMOTIVE INC;ORLY;01/12/2019;6;3;1;0,5;0,166666667
O-I GLASS INC (Owens-Illinois Inc prior to 12/2019);OI;01/12/2019;5;5;3;1;0,6
OCCIDENTAL PETROLEUM CORP;OXY;01/12/2019;6;5;5;0,833333333;0,833333333
OMNICOM GROUP INC;OMC;01/12/2019;5;4;5;0,8;1
ONEOK INC (WAI Inc prior to 11/1997);OKE;01/12/2019;4;3;4;0,75;1
PACCAR INC;PCAR;01/12/2019;4;4;4;1;1
PARKLAND CORP (Parkland Fuel Corp prior to 05/2020);PKI;01/12/2019;3;3;0;1;0
PEABODY ENERGY CORP;BTU;01/12/2019;4;4;3;1;0,75
PEMBINA PIPELINE CORP;PPL;01/12/2019;5;5;3;1;0,6
PEOPLE'S UNITED FINANCIAL INC (De-listed 04/2022);PBCTP;01/12/2019;8;7;7;0,875;0,875
PEPSICO INC;PEP;01/12/2019;5;5;4;1;0,8
PERRIGO COMPANY PLC (Perrigo Co prior to 12/2013);PRGO;01/12/2019;4;3;4;0,75;1
PFIZER INC;PFE;01/12/2019;5;5;4;1;0,8
PG&E CORP;PCG;01/12/2019;7;7;4;1;0,571428571
PHILIP MORRIS INTERNATIONAL INC;PM;01/12/2019;6;5;1;0,833333333;0,166666667
PINNACLE WEST CAPITAL CORP;PNW;01/12/2019;6;2;2;0,333333333;0,333333333
PIONEER NATURAL RESOURCES CO (De-listed 05/2024);PXD;01/12/2019;6;6;3;1;0,5
PITNEY BOWES INC;PBI;01/12/2019;6;4;4;0,666666667;0,666666667
PNC FINANCIAL SERVICES GROUP INC;PNC;01/12/2019;6;5;5;0,833333333;0,833333333
POLYMET MINING CORP (De-listed 11/2023);POM;01/12/2019;4;4;1;1;0,25
PPG INDUSTRIES INC;PPG;01/12/2019;6;5;6;0,833333333;1
PPL CORP;PPL;01/12/2019;7;7;6;1;0,857142857
PRINCIPAL FINANCIAL GROUP INC;PFG;01/12/2019;6;5;1;0,833333333;0,166666667
PROGRESSIVE CORP (OHIO);PGR;01/12/2019;3;1;3;0,333333333;1
PROLOGIS INC (AMB Property Corp prior to 06/2011);PLD;01/12/2019;5;5;5;1;1
PRUDENTIAL FINANCIAL INC;PRU;01/12/2019;3;2;3;0,666666667;1
PUBLIC SERVICE ENTERPRISE GROUP INC;PEG;01/12/2019;7;7;5;1;0,714285714
PUBLIC STORAGE (Public Storage Inc prior to 06/2007);PSA;01/12/2019;5;5;5;1;1
PULTEGROUP INC;PHM;01/12/2019;5;5;4;1;0,8
QEP RESOURCES INC (De-listed 03/2021);QEP;01/12/2019;6;6;6;1;1
QUANTA SERVICES INC;PWR;01/12/2019;3;3;3;1;1
R R DONNELLEY & SONS CO (De-listed 02/2022);RRD;01/12/2019;3;3;3;1;1
RANGE RESOURCES CORP;RRC;01/12/2019;4;4;4;1;1
REGIONS FINANCIAL CORP;RF;01/12/2019;7;7;6;1;0,857142857
REPUBLIC SERVICES INC;RSG;01/12/2019;5;4;3;0,8;0,6
ROBERT HALF INC (Robert Half International Inc prior to 07/2023);RHI;01/12/2019;3;3;2;1;0,666666667
ROPER TECHNOLOGIES INC (Roper Industries Inc prior to 04/2015);ROP;01/12/2019;5;5;3;1;0,6
RYDER SYSTEM INC;R;01/12/2019;6;4;6;0,666666667;1
SCHLUMBERGER LIMITED;SLB;01/12/2019;8;6;4;0,75;0,5
SEALED AIR CORP;SEE;01/12/2019;5;4;2;0,8;0,4
SEMPRA (Sempra Energy prior to 05/2023);SRE;01/12/2019;7;7;2;1;0,285714286
SHERRITT INTERNATIONAL CORPORATION;S;01/12/2019;3;3;0;1;0
SHERWIN-WILLIAMS CO;SHW;01/12/2019;5;5;4;1;0,8
SIMON PROPERTY GROUP INC;SPG;01/12/2019;5;2;5;0,4;1
SLM CORP (SALLIE MAE);SLM;01/12/2019;8;8;4;1;0,5
SNAP-ON INC;SNA;01/12/2019;4;4;4;1;1
SOUTHERN CO;SO;01/12/2019;4;4;1;1;0,25
SOUTHWEST AIRLINES CO;LUV;01/12/2019;5;3;5;0,6;1
SOUTHWESTERN ENERGY CO;SWN;01/12/2019;6;3;5;0,5;0,833333333
STANLEY BLACK & DECKER INC;SWK;01/12/2019;5;4;3;0,8;0,6
STERICYCLE INC;SRCL;01/12/2019;4;4;2;1;0,5
STRYKER CORP;SYK;01/12/2019;4;4;3;1;0,75
SUNOCO LP (Susser Petroleum Partners LP prior to 10/2014);SUN;01/12/2019;3;3;1;1;0,333333333
SUNTRUST BANKS INC (De-listed 12/2019);STI.PRA;01/12/2019;4;4;2;1;0,5
T ROWE PRICE GROUP INC;TROW;01/12/2019;6;6;4;1;0,666666667
TELUS CORP;T;01/12/2019;6;5;2;0,833333333;0,333333333
TENET HEALTHCARE CORP;THC;01/12/2019;6;6;4;1;0,666666667
TERADATA CORP;TDC;01/12/2019;5;4;2;0,8;0,4
TERADYNE INC;TER;01/12/2019;3;1;3;0,333333333;1
TEXAS INSTRUMENTS INC;TXN;01/12/2019;4;4;1;1;0,25
THE CIGNA GROUP (Cigna Corp prior to 02/2023);CI;01/12/2019;4;2;3;0,5;0,75
THE TRAVELERS COMPANIES INC (St Paul Travelers Companies Inc prior to 02/2007);TRV;01/12/2019;6;5;4;0,833333333;0,666666667
THERMO FISHER SCIENTIFIC INC (Thermo Electron Corp prior to 11/2006);TMO;01/12/2019;4;3;2;0,75;0,5
TRIPADVISOR INC;TRIP;01/12/2019;3;3;3;1;1
TWC ENTERPRISES LTD (ClubLink Enterprises Ltd prior to 06/2014);TWC;01/12/2019;4;4;0;1;0
UNION PACIFIC CORP;UNP;01/12/2019;7;6;2;0,857142857;0,285714286
UNITED PARCEL SERVICE (UPS) INC;UPS;01/12/2019;4;3;4;0,75;1
UNITED STATES STEEL CORP;X;01/12/2019;8;8;5;1;0,625
UNITEDHEALTH GROUP INC;UNH;01/12/2019;3;3;3;1;1
UNUM GROUP (UnumProvident Corp prior to 03/2007);UNM;01/12/2019;6;6;6;1;1
US BANCORP;USB.PRH;01/12/2019;5;5;4;1;0,8
VALERO ENERGY CORP;VLO;01/12/2019;3;3;3;1;1
VERISIGN INC;VRSN;01/12/2019;3;2;3;0,666666667;1
VERIZON COMMUNICATIONS INC;VZ;01/12/2019;5;4;4;0,8;0,8
VIACOM INC (De-listed 12/2019);VIAB;01/12/2019;4;4;4;1;1
VICINITY MOTOR CORP (Grande West Transportation Group Inc prior to 03/2021);VMC;01/12/2019;3;3;1;1;0,333333333
VORNADO REALTY TRUST;VNO;01/12/2019;3;2;3;0,666666667;1
VULCAN MATERIALS CO;VMC;01/12/2019;4;4;2;1;0,5
WALLBRIDGE MINING CO LTD;WM;01/12/2019;3;3;0;1;0
WASTE MANAGEMENT INC;WM;01/12/2019;6;5;5;0,833333333;0,833333333
WATERS CORP;WAT;01/12/2019;4;4;4;1;1
WELLS FARGO & CO;WFC;01/12/2019;5;0;4;0;0,8
WESTERN UNION CO;WU;01/12/2019;7;5;1;0,714285714;0,142857143
WEYERHAEUSER CO;WY;01/12/2019;5;4;2;0,8;0,4
WHIRLPOOL CORP;WHR;01/12/2019;6;4;2;0,666666667;0,333333333
WILLIAMS COMPANIES INC;WMB;01/12/2019;6;6;5;1;0,833333333
WPX ENERGY INC (De-listed 01/2021);WPX;01/12/2019;3;3;3;1;1
WW GRAINGER INC;GWW;01/12/2019;5;5;4;1;0,8
WYNN RESORTS LTD;WYNN;01/12/2019;3;3;2;1;0,666666667
XCEL ENERGY INC;XEL;01/12/2019;6;5;3;0,833333333;0,5
XEROX HOLDINGS CORP (Xerox Corp prior to 08/2019);XRX;01/12/2019;4;4;4;1;1
XYLEM INC;XYL;01/12/2019;5;5;3;1;0,6
YUM! BRANDS INC (Tricon Global Restaurants Inc prior to 05/2002);YUM;01/12/2019;5;5;1;1;0,2
ZIONS BANCORPORATION NA (Zions Bancorporation prior to 10/2018);ZION;01/12/2019;4;4;4;1;1
